skill,pct
sql,0.465
python,0.262
power bi,0.239
excel,0.233
tableau,0.199
r,0.161
azure,0.086
aws,0.07
sas,0.06
sql server,0.059
snowflake,0.049
word,0.046
oracle,0.042
sap,0.038
jira,0.034
alteryx,0.033
databricks,0.028
dax,0.028
powerpoint,0.027
qlik,0.027
redshift,0.027
java,0.024
ssis,0.024
spark,0.022
gcp,0.021
javascript,0.02
confluence,0.019
looker,0.019
bigquery,0.017
sharepoint,0.017
vba,0.017
spss,0.016
c++,0.014
git,0.014
cognos,0.013
ssrs,0.013
c,0.011
hadoop,0.011
unix,0.011
airflow,0.01
github,0.01
kafka,0.01
nosql,0.01
outlook,0.01
pandas,0.01
html,0.009
matlab,0.008
spreadsheet,0.008
windows,0.008
atlassian,0.007
css,0.007
mysql,0.007
scala,0.007
shell,0.007
ansible,0.006
c#,0.006
ms access,0.006
postgresql,0.006
sheets,0.006
vmware,0.006
docker,0.005
linux,0.005
numpy,0.005
bitbucket,0.004
db2,0.004
dynamodb,0.004
gitlab,0.004
jenkins,0.004
kubernetes,0.004
microstrategy,0.004
mongodb,0.004
perl,0.004
pyspark,0.004
react,0.004
splunk,0.004
terraform,0.004
crystal,0.003
matplotlib,0.003
php,0.003
powershell,0.003
scikit-learn,0.003
t-sql,0.003
tensorflow,0.003
visio,0.003
